NomScientifique,a_obs,b_obs,origine_obs,Taille_min_ratio,Taille_max_ratio,ratio_robuste,a_FB,b_FB,origine_FB,a_SIH,b_SIH,origine_SIH
Alosa alosa,23.999999999999993,NA,med,156.00000400000002,156.00000400000002,FALSE,0.00318,3.085,hors med,3.676e-6,3.217684,hors med
Alosa fallax,0.00310050368183203,3.284310745949882,med,136.999998,290,FALSE,NA,NA,NA,NA,NA,NA
Anguilla anguilla,NA,NA,NA,NA,NA,NA,3e-4,3.47,med,3.203e-6,2.851363,hors med
Anthias anthias,NA,NA,NA,NA,NA,NA,0.025,3.02,hors med,NA,NA,NA
Apogon imberbis,NA,NA,NA,NA,NA,NA,0.0093,3.2021,hors med,NA,NA,NA
Atherina hepsetus,NA,NA,NA,NA,NA,NA,0.0076,2.975,med,NA,NA,NA
Auxis rochei,NA,NA,NA,NA,NA,NA,0.0088,3.17,med,NA,NA,NA
Balistes capriscus,NA,NA,NA,NA,NA,NA,0.0678,2.429,med,NA,NA,NA
Belone belone,NA,NA,NA,NA,NA,NA,8e-4,3.1,med,NA,NA,NA
Boops boops,0.00803029555434923,3.0714135768190554,med,71.99999799999999,293.999996,TRUE,0.0119,2.9453,med,NA,NA,NA
Centrolabrus melanocercus,NA,NA,NA,NA,NA,NA,0.01675,2.9591000000000003,hors med,NA,NA,NA
Chelidonichthys cuculus,0.00586015146758234,3.155956402717135,med,68.00000200000001,375,TRUE,0.00561,3.169,hors med,5.61e-6,3.16882,hors med
Chelidonichthys lastoviza,0.01639023259465831,2.838201807426706,med,69.000001,263.999996,FALSE,0.0085,3.079,med,NA,NA,NA
Chelidonichthys lucerna,0.01203567235307969,2.9038260408447147,med,96.000004,470,FALSE,0.0135,2.851,med,5.61e-6,3.16882,hors med
Chelon auratus,0.00301834500116675,3.3031241885892726,med,245,385,FALSE,0.0181,2.952,med,NA,NA,NA
Chelon labrosus,NA,NA,NA,NA,NA,NA,0.0043,3.233,med,NA,NA,NA
Chelon ramada,0.02361318805156375,2.694413381924743,med,282.00000800000004,425,TRUE,0.0023,2.69,med,NA,NA,NA
Chromis chromis,NA,NA,NA,NA,NA,NA,0.0299,2.793,med,NA,NA,NA
Conger conger,2.102662070587834e-4,3.4890610987554616,med,270,1140,FALSE,6e-4,3.22,hors med,2.2e-7,3.509,hors med
Coris julis,NA,NA,NA,NA,NA,NA,0.00813,3.238,med,NA,NA,NA
Coryphaena hippurus,NA,NA,NA,NA,NA,NA,0.015,2.76,hors med,1.714e-5,2.836,hors med
Ctenolabrus rupestris,NA,NA,NA,NA,NA,NA,0.0123,3,hors med,NA,NA,NA
Dactylopterus volitans,NA,NA,NA,NA,NA,NA,0.00331,3.32,hors med,NA,NA,NA
Dasyatis pastinaca,NA,NA,NA,NA,NA,NA,0.0022,3.179,hors med,8.5e-6,2.938,med
Dentex dentex,NA,NA,NA,NA,NA,NA,0.0134,3.172,med,NA,NA,NA
Dicentrarchus labrax,0.0106675601463452,2.9588219628568666,med,280,370,FALSE,0.00938,3.146,med,9.6e-6,3.02,med
Diplodus annularis,0.02592237713148349,2.853290008238059,med,95,232.000008,TRUE,0.0377,2.6875,med,NA,NA,NA
Diplodus cervinus,NA,NA,NA,NA,NA,NA,0.0118,2.8502,med,NA,NA,NA
Diplodus puntazzo,NA,NA,NA,NA,NA,NA,0.058,2.5235,med,NA,NA,NA
Diplodus sargus,NA,NA,NA,NA,NA,NA,0.0143,3.048,med,NA,NA,NA
Diplodus vulgaris,0.01130577590727364,3.104236696765307,med,143.99999599999998,248,FALSE,0.0193,2.9063,med,NA,NA,NA
Echiichthys vipera,NA,NA,NA,NA,NA,NA,0.01291,2.947,hors med,NA,NA,NA
Engraulis encrasicolus,0.00399591003682289,3.168472962563629,med,25,170,TRUE,0.0039,3.16,med,3.35e-6,3.2275,med
Epinephelus aeneus,NA,NA,NA,NA,NA,NA,0.012,2.987,med,NA,NA,NA
Epinephelus marginatus,NA,NA,NA,NA,NA,NA,0.0116,3.065,med,NA,NA,NA
Euthynnus alletteratus,NA,NA,NA,NA,NA,NA,0.0065,3.153,hors med,NA,NA,NA
Eutrigla gurnardus,0.00898697664847887,2.9582222417796005,med,35,430,TRUE,0.00544,3.13,hors med,5.683e-6,3.1258765,hors med
Helicolenus dactylopterus,0.02124066066191061,2.91236893788354,med,32,410,TRUE,0.022,2.87,med,6.114e-6,3.273799,hors med
Hexanchus griseus,150000.00000000003,NA,med,2800,2800,FALSE,9e-4,3.342,med,1.35e-5,3,med
Katsuwonus pelamis,NA,NA,NA,NA,NA,NA,0.01779,3.018,hors med,NA,NA,NA
Labrus merula,NA,NA,NA,NA,NA,NA,0.0182,2.9685,hors med,NA,NA,NA
Labrus mixtus,NA,NA,NA,NA,NA,NA,0.005,3.257,hors med,NA,NA,NA
Labrus viridis,NA,NA,NA,NA,NA,NA,0.0238,2.8131,hors med,NA,NA,NA
Lepidion lepidion,0.00418092533583361,3.0817555145683926,med,79.000001,223.999996,TRUE,NA,NA,NA,NA,NA,NA
Lepidorhombus whiffiagonis,0.01262443732481581,2.8290051101314897,med,72,485.999985,FALSE,NA,NA,NA,NA,NA,NA
Lichia amia,NA,NA,NA,NA,NA,NA,0.01445,3.061,med,NA,NA,NA
Lithognathus mormyrus,NA,NA,NA,NA,NA,NA,0.02001,3.131,med,2.1375e-5,2.879449,hors med
Lophius piscatorius,0.02053788942384716,2.895215954885537,med,58.000002,1275,TRUE,0.0508,2.639,med,1.48e-5,2.9732,med
Merluccius merluccius,0.00431284134677601,3.172510875119895,med,40,675,TRUE,0.0046,3.152,med,6.9e-6,3.03,med
Mola mola,2.3559977243736325,2.0486668304613147,med,420,970,FALSE,0.0764,2.9,hors med,NA,NA,NA
Mugil cephalus,NA,NA,NA,NA,NA,NA,0.0039,3.232,med,NA,NA,NA
Mullus barbatus,0.00883679813938071,3.0704092745429943,med,53.000002,280,TRUE,0.0076,3.128,med,8.55e-6,3.057,med
Mullus surmuletus,0.00898909137770505,3.084929207403984,med,60.999999,345,TRUE,0.0082,3.11,med,1.82e-5,3,med
Muraena helena,NA,NA,NA,NA,NA,NA,4.8e-4,3.322,hors med,NA,NA,NA
Mustelus asterias,NA,NA,NA,NA,NA,NA,0.002,3.079,med,5.333333333333334e-6,2.940366666666667,hors med
Myliobatis aquila,NA,NA,NA,NA,NA,NA,0.0111,3.09,med,8e-7,3.34,med
Oblada melanurus,0.02258707934071224,2.870366026711212,med,246.000004,270,FALSE,0.0088,3.123,med,NA,NA,NA
Pagellus acarne,0.00517880547534511,3.319099456707668,med,60.999999,334.000015,TRUE,0.0113,3.0283,med,8.56e-6,3.13088,hors med
Pagellus bogaraveo,0.01193050581977379,3.041772519464829,med,88.000002,370,TRUE,0.0091,3.14,hors med,4.31e-6,3.3408,hors med
Pagellus erythrinus,0.02063789661484965,2.8361518938866603,med,25,400,TRUE,0.0172,2.8545,med,NA,NA,NA
Pagrus pagrus,0.02428361421401057,2.8864718917059493,med,116.000004,415.999985,FALSE,0.0117,3.343,med,NA,NA,NA
Phycis blennoides,0.0037200969683875,3.2220214198348676,med,50.999999,575.9999849999999,TRUE,0.0026,3.27,hors med,4.6e-6,3.136,hors med
Phycis phycis,0.02379868328278256,2.7699872982668547,med,250,332.999992,FALSE,6.4e-4,3.502,med,NA,NA,NA
Pomatomus saltatrix,NA,NA,NA,NA,NA,NA,0.0076,3.055,med,1.2073e-5,2.9291,hors med
Prionace glauca,NA,NA,NA,NA,NA,NA,0.0039,3.11,med,1.31e-5,3.2,med
Pterois miles,NA,NA,NA,NA,NA,NA,0.00639,3.2269,hors med,NA,NA,NA
Pteroplatytrygon violacea,380.4872803805148,0.4630782591068882,med,360,400,FALSE,NA,NA,NA,NA,NA,NA
Raja clavata,0.00208822052198559,3.259617388408552,med,88.999996,1050,TRUE,NA,NA,NA,NA,NA,NA
Salmo trutta,NA,NA,NA,NA,NA,NA,0.008,3.106,hors med,NA,NA,NA
Sarda sarda,230.00000000000009,NA,med,267.00000800000004,267.00000800000004,FALSE,0.0082,3.13,med,NA,NA,NA
Sardina pilchardus,0.00329773389175476,3.3098566905083033,med,65,205,TRUE,0.0059,3.112,med,7.85e-6,2.949975,med
Sardinella aurita,0.003786761843584,3.213740972322873,med,105,240,TRUE,NA,NA,NA,NA,NA,NA
Sarpa salpa,NA,NA,NA,NA,NA,NA,0.0219,3.126,med,NA,NA,NA
Sciaena umbra,NA,NA,NA,NA,NA,NA,0.0354,3.05,med,NA,NA,NA
Scomber colias,0.00296588671527268,3.325834765091628,med,80,365,TRUE,0.006,3.1017,hors med,3.35e-6,3.2427,med
Scomber scombrus,0.00507500158801973,3.160601254718915,med,63.000002,367.000008,TRUE,0.0167,2.82,med,6.7e-6,3.125,med
Scophthalmus maximus,NA,NA,NA,NA,NA,NA,0.011,3.104,med,2e-5,3.0667,hors med
Scorpaena elongata,0.01568924443750952,3.004375282536504,med,208.999996,425,FALSE,0.023,2.88,hors med,NA,NA,NA
Scorpaena notata,0.00163317321263132,3.997424027514061,med,94,133.99999599999998,FALSE,0.0106,3.25,hors med,NA,NA,NA
Scorpaena porcus,193.99999999999997,NA,med,212.000008,212.000008,FALSE,0.0171,3.034,med,NA,NA,NA
Scorpaena scrofa,0.03546171216503976,2.7916656041377763,med,169,404,FALSE,0.0155,3.298,med,NA,NA,NA
Scyliorhinus canicula,0.00180785870060977,3.154988598433823,med,76.99999799999999,845,TRUE,9e-4,3.347,med,1.6e-6,3.16,med
Scyliorhinus stellaris,NA,NA,NA,NA,NA,NA,0.0041,3,med,1.5e-6,3.1874,hors med
Seriola dumerili,NA,NA,NA,NA,NA,NA,0.0225,2.847,med,NA,NA,NA
Serranus cabrilla,0.01319009966513188,2.942868266039692,med,133,220,TRUE,0.0161,2.825,med,NA,NA,NA
Serranus hepatus,0.01544144966819337,3.0697373291909105,med,39.000001000000005,115,TRUE,0.0091,3.24,med,NA,NA,NA
Serranus scriba,NA,NA,NA,NA,NA,NA,0.0127,3.0032,med,NA,NA,NA
Solea senegalensis,NA,NA,NA,NA,NA,NA,0.00971,3,hors med,NA,NA,NA
Solea solea,0.00654205626663803,3.0721803197165274,med,166.000004,419.000015,FALSE,0.0019,3.453,med,3.58e-6,3.263,med
Sparisoma cretense,NA,NA,NA,NA,NA,NA,0.0117,3.1203,med,NA,NA,NA
Sparus aurata,0.01670587208847884,2.940772597380463,med,138.99999599999998,267.00000800000004,TRUE,0.0173,2.8898,med,1.12e-5,3.08,med
Sphyraena sphyraena,0.0021095306133187,3.2377485737214076,med,187.000008,245,FALSE,NA,NA,NA,NA,NA,NA
Spicara flexuosum,0.00845312421916516,3.097039340688919,med,63.000002,220,TRUE,0.0132,3.04,hors med,NA,NA,NA
Spicara maena,NA,NA,NA,NA,NA,NA,0.0097,3.076,med,NA,NA,NA
Spicara smaris,0.03166772064271762,2.5363957269572,med,78.00000200000001,178.999996,TRUE,0.01024999999999999,2.94,med,NA,NA,NA
Spondyliosoma cantharus,0.01831616991896662,2.953224376000646,med,155,223.999996,FALSE,0.05401,3.093,med,9.305e-6,3.162883,hors med
Symphodus cinereus,NA,NA,NA,NA,NA,NA,0.0078,3.26,hors med,NA,NA,NA
Symphodus mediterraneus,NA,NA,NA,NA,NA,NA,0.01,3.157,hors med,NA,NA,NA
Symphodus melops,NA,NA,NA,NA,NA,NA,0.0112,3.17,hors med,NA,NA,NA
Symphodus ocellatus,NA,NA,NA,NA,NA,NA,0.04195,2.9370000000000003,med,NA,NA,NA
Symphodus roissali,NA,NA,NA,NA,NA,NA,0.0069,3.386,hors med,NA,NA,NA
Symphodus rostratus,NA,NA,NA,NA,NA,NA,0.007,3.193,hors med,NA,NA,NA
Symphodus tinca,NA,NA,NA,NA,NA,NA,0.0296,2.7205,med,NA,NA,NA
Synodus saurus,116.00000000000004,NA,med,252.999992,252.999992,FALSE,0.0073,3.024,med,NA,NA,NA
Thunnus thynnus,NA,NA,NA,NA,NA,NA,0.02,2.96,med,NA,NA,NA
Torpedo marmorata,0.03827433548443458,2.813253586916829,med,110,405,FALSE,0.0035,3.557,med,3.17e-5,2.884,med
Torpedo torpedo,NA,NA,NA,NA,NA,NA,0.0133,3.045,med,NA,NA,NA
Trachinotus ovatus,NA,NA,NA,NA,NA,NA,0.022,2.73,hors med,NA,NA,NA
Trachinus araneus,NA,NA,NA,NA,NA,NA,0.0072,2.9503,med,NA,NA,NA
Trachinus draco,0.00232639051687613,3.3171513168740816,med,146.00000400000002,327.999992,TRUE,0.0052,3.09,med,1.3116e-5,2.765551,hors med
Trachinus radiatus,NA,NA,NA,NA,NA,NA,0.0069,3.125,med,NA,NA,NA
Trachurus mediterraneus,0.00807647519389772,3.0028563504751418,med,40,372.000008,TRUE,0.0118,2.9172,med,8.16e-6,2.989,med
Trachurus picturatus,0.00387111998389617,3.260157781966285,med,106.000004,332.999992,FALSE,0.0089,2.96,hors med,NA,NA,NA
Trachurus trachurus,0.00734505285726456,3.045342318758164,med,55.999999,342,TRUE,0.0104,2.8971,med,1.066e-5,2.906,med
Trigla lyra,0.00730638033054539,3.0312380985181555,med,106.000004,449.000015,TRUE,0.0082,2.96,hors med,NA,NA,NA
Trisopterus capelanus,26,NA,med,140,140,FALSE,0.0071,3.167,hors med,NA,NA,NA
Xiphias gladius,199.7011543337961,0.951443146041726,med,920,1770,FALSE,4.9e-4,3.64,hors med,1.443e-5,2.963,hors med
Xyrichtys novacula,NA,NA,NA,NA,NA,NA,0.0481,2.243,hors med,NA,NA,NA
Zeus faber,0.01744695859275541,2.9581046772733077,med,41.999998,620,FALSE,0.0327,2.711,med,2.3e-5,2.862,med
